-- MySQL dump 10.17  Distrib 10.3.23-MariaDB, for Win64 (AMD64)
--
-- Host: localhost    Database: system360
-- ------------------------------------------------------
-- Server version	10.3.23-MariaDB

/*!40101 SET @OLD_CHARACTER_SET_CLIENT=@@CHARACTER_SET_CLIENT */;
/*!40101 SET @OLD_CHARACTER_SET_RESULTS=@@CHARACTER_SET_RESULTS */;
/*!40101 SET @OLD_COLLATION_CONNECTION=@@COLLATION_CONNECTION */;
/*!40101 SET NAMES utf8mb4 */;
/*!40103 SET @OLD_TIME_ZONE=@@TIME_ZONE */;
/*!40103 SET TIME_ZONE='+00:00' */;
/*!40014 SET @OLD_UNIQUE_CHECKS=@@UNIQUE_CHECKS, UNIQUE_CHECKS=0 */;
/*!40014 SET @OLD_FOREIGN_KEY_CHECKS=@@FOREIGN_KEY_CHECKS, FOREIGN_KEY_CHECKS=0 */;
/*!40101 SET @OLD_SQL_MODE=@@SQL_MODE, SQL_MODE='NO_AUTO_VALUE_ON_ZERO' */;
/*!40111 SET @OLD_SQL_NOTES=@@SQL_NOTES, SQL_NOTES=0 */;

--
-- Table structure for table `anceta`
--

DROP TABLE IF EXISTS `anceta`;
/*!40101 SET @saved_cs_client     = @@character_set_client */;
/*!40101 SET character_set_client = utf8 */;
CREATE TABLE `anceta` (
  `id_anceta` int(11) NOT NULL AUTO_INCREMENT,
  `id_user_who_assessment` int(11) NOT NULL,
  `id_user_whom_assessment` int(11) NOT NULL,
  `id_type_anceta` int(11) NOT NULL,
  `createdAt` datetime NOT NULL,
  `updatedAt` datetime NOT NULL,
  PRIMARY KEY (`id_anceta`),
  KEY `id_type_anceta` (`id_type_anceta`),
  CONSTRAINT `anceta_ibfk_1` FOREIGN KEY (`id_type_anceta`) REFERENCES `type_anceta` (`id_type_anceta`) ON DELETE CASCADE ON UPDATE CASCADE
) ENGINE=InnoDB DEFAULT CHARSET=utf8;
/*!40101 SET character_set_client = @saved_cs_client */;

--
-- Dumping data for table `anceta`
--

LOCK TABLES `anceta` WRITE;
/*!40000 ALTER TABLE `anceta` DISABLE KEYS */;
/*!40000 ALTER TABLE `anceta` ENABLE KEYS */;
UNLOCK TABLES;

--
-- Table structure for table `assessment_competences`
--

DROP TABLE IF EXISTS `assessment_competences`;
/*!40101 SET @saved_cs_client     = @@character_set_client */;
/*!40101 SET character_set_client = utf8 */;
CREATE TABLE `assessment_competences` (
  `id_assessment` int(11) NOT NULL AUTO_INCREMENT,
  `id_competence` int(11) NOT NULL,
  `point_competence` int(11) NOT NULL,
  `id_anceta` int(11) NOT NULL,
  `createdAt` datetime NOT NULL,
  `updatedAt` datetime NOT NULL,
  PRIMARY KEY (`id_assessment`),
  KEY `id_competence` (`id_competence`),
  KEY `id_anceta` (`id_anceta`),
  CONSTRAINT `assessment_competences_ibfk_1` FOREIGN KEY (`id_competence`) REFERENCES `competences` (`id_competence`) ON DELETE CASCADE ON UPDATE CASCADE,
  CONSTRAINT `assessment_competences_ibfk_2` FOREIGN KEY (`id_anceta`) REFERENCES `anceta` (`id_anceta`) ON DELETE CASCADE ON UPDATE CASCADE
) ENGINE=InnoDB DEFAULT CHARSET=utf8;
/*!40101 SET character_set_client = @saved_cs_client */;

--
-- Dumping data for table `assessment_competences`
--

LOCK TABLES `assessment_competences` WRITE;
/*!40000 ALTER TABLE `assessment_competences` DISABLE KEYS */;
/*!40000 ALTER TABLE `assessment_competences` ENABLE KEYS */;
UNLOCK TABLES;

--
-- Table structure for table `assessment_main_quastions`
--

DROP TABLE IF EXISTS `assessment_main_quastions`;
/*!40101 SET @saved_cs_client     = @@character_set_client */;
/*!40101 SET character_set_client = utf8 */;
CREATE TABLE `assessment_main_quastions` (
  `id_assessment` int(11) NOT NULL AUTO_INCREMENT,
  `id_info` int(11) NOT NULL,
  `id_midle_quastion` int(11) NOT NULL,
  `midle_point` int(11) NOT NULL,
  `createdAt` datetime NOT NULL,
  `updatedAt` datetime NOT NULL,
  PRIMARY KEY (`id_assessment`),
  KEY `id_info` (`id_info`),
  KEY `id_midle_quastion` (`id_midle_quastion`),
  CONSTRAINT `assessment_main_quastions_ibfk_1` FOREIGN KEY (`id_info`) REFERENCES `infos` (`id_info`) ON DELETE CASCADE ON UPDATE CASCADE,
  CONSTRAINT `assessment_main_quastions_ibfk_2` FOREIGN KEY (`id_midle_quastion`) REFERENCES `main_quastions` (`id_main_quastion`) ON DELETE CASCADE ON UPDATE CASCADE
) ENGINE=InnoDB DEFAULT CHARSET=utf8;
/*!40101 SET character_set_client = @saved_cs_client */;

--
-- Dumping data for table `assessment_main_quastions`
--

LOCK TABLES `assessment_main_quastions` WRITE;
/*!40000 ALTER TABLE `assessment_main_quastions` DISABLE KEYS */;
/*!40000 ALTER TABLE `assessment_main_quastions` ENABLE KEYS */;
UNLOCK TABLES;

--
-- Table structure for table `assessment_quastions`
--

DROP TABLE IF EXISTS `assessment_quastions`;
/*!40101 SET @saved_cs_client     = @@character_set_client */;
/*!40101 SET character_set_client = utf8 */;
CREATE TABLE `assessment_quastions` (
  `id_assessment` int(11) NOT NULL AUTO_INCREMENT,
  `id_quastion` int(11) NOT NULL,
  `point_quastion` int(11) NOT NULL,
  `id_anceta` int(11) NOT NULL,
  `createdAt` datetime NOT NULL,
  `updatedAt` datetime NOT NULL,
  PRIMARY KEY (`id_assessment`),
  KEY `id_quastion` (`id_quastion`),
  KEY `id_anceta` (`id_anceta`),
  CONSTRAINT `assessment_quastions_ibfk_1` FOREIGN KEY (`id_quastion`) REFERENCES `quastions` (`id_quastion`) ON DELETE CASCADE ON UPDATE CASCADE,
  CONSTRAINT `assessment_quastions_ibfk_2` FOREIGN KEY (`id_anceta`) REFERENCES `anceta` (`id_anceta`) ON DELETE CASCADE ON UPDATE CASCADE
) ENGINE=InnoDB DEFAULT CHARSET=utf8;
/*!40101 SET character_set_client = @saved_cs_client */;

--
-- Dumping data for table `assessment_quastions`
--

LOCK TABLES `assessment_quastions` WRITE;
/*!40000 ALTER TABLE `assessment_quastions` DISABLE KEYS */;
/*!40000 ALTER TABLE `assessment_quastions` ENABLE KEYS */;
UNLOCK TABLES;

--
-- Table structure for table `assessment_second_quastions`
--

DROP TABLE IF EXISTS `assessment_second_quastions`;
/*!40101 SET @saved_cs_client     = @@character_set_client */;
/*!40101 SET character_set_client = utf8 */;
CREATE TABLE `assessment_second_quastions` (
  `id_assessment` int(11) NOT NULL AUTO_INCREMENT,
  `id_info` int(11) NOT NULL,
  `id_second_quastion` int(11) NOT NULL,
  `point` int(11) NOT NULL,
  `createdAt` datetime NOT NULL,
  `updatedAt` datetime NOT NULL,
  PRIMARY KEY (`id_assessment`),
  KEY `id_info` (`id_info`),
  KEY `id_second_quastion` (`id_second_quastion`),
  CONSTRAINT `assessment_second_quastions_ibfk_1` FOREIGN KEY (`id_info`) REFERENCES `infos` (`id_info`) ON DELETE CASCADE ON UPDATE CASCADE,
  CONSTRAINT `assessment_second_quastions_ibfk_2` FOREIGN KEY (`id_second_quastion`) REFERENCES `second_quastions` (`id_second_quastion`) ON DELETE CASCADE ON UPDATE CASCADE
) ENGINE=InnoDB DEFAULT CHARSET=utf8;
/*!40101 SET character_set_client = @saved_cs_client */;

--
-- Dumping data for table `assessment_second_quastions`
--

LOCK TABLES `assessment_second_quastions` WRITE;
/*!40000 ALTER TABLE `assessment_second_quastions` DISABLE KEYS */;
/*!40000 ALTER TABLE `assessment_second_quastions` ENABLE KEYS */;
UNLOCK TABLES;

--
-- Table structure for table `competences`
--

DROP TABLE IF EXISTS `competences`;
/*!40101 SET @saved_cs_client     = @@character_set_client */;
/*!40101 SET character_set_client = utf8 */;
CREATE TABLE `competences` (
  `id_competence` int(11) NOT NULL,
  `competence` varchar(255) NOT NULL,
  `createdAt` datetime NOT NULL,
  `updatedAt` datetime NOT NULL,
  PRIMARY KEY (`id_competence`)
) ENGINE=InnoDB DEFAULT CHARSET=utf8;
/*!40101 SET character_set_client = @saved_cs_client */;

--
-- Dumping data for table `competences`
--

LOCK TABLES `competences` WRITE;
/*!40000 ALTER TABLE `competences` DISABLE KEYS */;
INSERT INTO `competences` VALUES (1,'Наскільки офіер готовий до планування, підготовки, ведення і забезпечення бою підрозділу','2021-11-18 07:53:06','2021-11-18 07:53:06'),(2,'Оцініть здатність офіцера підтримувати постійну готовність підрозділу до бойового застосування','2021-11-18 07:53:06','2021-11-18 07:53:06'),(3,'Наскільки офіцер вимогливий до себе у питанні дотримання вимог СТатутів Збройних Сил України та інших керівних документів, що регламентують повсякдену службову діяльність','2021-11-18 07:53:06','2021-11-18 07:53:06'),(4,'Наскільки офіцер вимогливий до підлеглих у дотриманні ними службових обов\'язків','2021-11-18 07:53:06','2021-11-18 07:53:06'),(5,'Чи використовує офіцер уміння і навички з військової педагогіки та психології при виконанні функціональних обов\'язків на первинній посаді','2021-11-18 07:53:07','2021-11-18 07:53:07'),(6,'Оцінінть лідерські якості офіцера','2021-11-18 07:53:07','2021-11-18 07:53:07'),(7,'Оцініть здібності офіцера щодо навчання своїх підлеглих з нейтралізації факторів негативного впливу на психіку','2021-11-18 07:53:07','2021-11-18 07:53:07'),(8,'Оцініть вміння офіцера при ведені і забезпеченні бою підрозділу','2021-11-18 07:53:07','2021-11-18 07:53:07'),(9,'Наскільки доступно офіцер проводить заняття з бойової підготовки','2021-11-18 07:53:07','2021-11-18 07:53:07'),(10,'Наскільки вимогливий офіцер у дотриманні підлеглими вимог Статутів Збройних Сил України та інших керівних документі','2021-11-18 07:53:07','2021-11-18 07:53:07'),(11,'Наскільки на вашу думку, офіцер дотримується вимог, законів та інших керівних докумметів','2021-11-18 07:53:07','2021-11-18 07:53:07'),(12,'Наскільки вагоме місце у роботі офіцера займає питання військового виховання особового складу','2021-11-18 07:53:07','2021-11-18 07:53:07'),(13,'Наскільки ви вважаєте офіцера, лідером для підлеглого особового складу','2021-11-18 07:53:08','2021-11-18 07:53:08'),(14,'Оцініть рівень навичок офіцера по наданню психологічної допомоги підлеглим','2021-11-18 07:53:08','2021-11-18 07:53:08'),(15,'Наскільки офіцер вміє користуватись засобами зв\'язку, які перебувають на озброєнні підрозділу','2021-11-18 07:53:08','2021-11-18 07:53:08'),(16,'Оцініть рівень майстерності офіцера при водінні автотранспортних засобів за ріхних дорожніх умов та дорожньо-транспортної обстановки','2021-11-18 07:53:08','2021-11-18 07:53:08'),(17,'Оцініть ваші знання з планування, підготовки, ведення і забезпечення бою підрозділу','2021-11-18 07:53:08','2021-11-18 07:53:08'),(18,'Наскілки ви готові проводити заняття з бойової підготовки з особовим складом','2021-11-18 07:53:08','2021-11-18 07:53:08'),(19,'Наскільки ви принципово ставитесь до особистого виконання вимог Статутів Збройних Сил України та інших керівних документів','2021-11-18 07:53:08','2021-11-18 07:53:08'),(20,'Наскільки ви принципово ставитесь до безумовного виконання підлеглими вимог Статутів Збройних Сил України та інших керівних документів','2021-11-18 07:53:08','2021-11-18 07:53:08'),(21,'Чи додстатньо вам знань з військової педагогіки і психології, щоб вільно застосувати їх у практичній діяльності за посадою','2021-11-18 07:53:09','2021-11-18 07:53:09'),(22,'Чи користуєтесь ви авторитетом серед підлеглих, який дозволяє вам розвивати командний дух і навички лідерства у особового складу','2021-11-18 07:53:09','2021-11-18 07:53:09');
/*!40000 ALTER TABLE `competences` ENABLE KEYS */;
UNLOCK TABLES;

--
-- Table structure for table `infos`
--

DROP TABLE IF EXISTS `infos`;
/*!40101 SET @saved_cs_client     = @@character_set_client */;
/*!40101 SET character_set_client = utf8 */;
CREATE TABLE `infos` (
  `id_info` int(11) NOT NULL,
  `vidpovidnist` varchar(255) NOT NULL,
  `stagnenja` int(11) NOT NULL,
  `zaohochenja` int(11) NOT NULL,
  `year_point` int(11) NOT NULL,
  `nedolik` varchar(255) NOT NULL,
  `pobaganja` varchar(255) NOT NULL,
  `comander` varchar(255) NOT NULL,
  `comander_vch` varchar(255) NOT NULL,
  `comander_mpz` varchar(255) NOT NULL,
  `opinion` varchar(255) NOT NULL,
  `createdAt` datetime NOT NULL,
  `updatedAt` datetime NOT NULL,
  PRIMARY KEY (`id_info`),
  CONSTRAINT `infos_ibfk_1` FOREIGN KEY (`id_info`) REFERENCES `anceta` (`id_anceta`) ON DELETE CASCADE ON UPDATE CASCADE
) ENGINE=InnoDB DEFAULT CHARSET=utf8;
/*!40101 SET character_set_client = @saved_cs_client */;

--
-- Dumping data for table `infos`
--

LOCK TABLES `infos` WRITE;
/*!40000 ALTER TABLE `infos` DISABLE KEYS */;
/*!40000 ALTER TABLE `infos` ENABLE KEYS */;
UNLOCK TABLES;

--
-- Table structure for table `main_quastions`
--

DROP TABLE IF EXISTS `main_quastions`;
/*!40101 SET @saved_cs_client     = @@character_set_client */;
/*!40101 SET character_set_client = utf8 */;
CREATE TABLE `main_quastions` (
  `id_main_quastion` int(11) NOT NULL AUTO_INCREMENT,
  `id_type_anceta` int(11) NOT NULL,
  `name_main_quastion` varchar(255) NOT NULL,
  `createdAt` datetime NOT NULL,
  `updatedAt` datetime NOT NULL,
  PRIMARY KEY (`id_main_quastion`),
  KEY `id_type_anceta` (`id_type_anceta`),
  CONSTRAINT `main_quastions_ibfk_1` FOREIGN KEY (`id_type_anceta`) REFERENCES `type_anceta` (`id_type_anceta`) ON DELETE CASCADE ON UPDATE CASCADE
) ENGINE=InnoDB AUTO_INCREMENT=15 DEFAULT CHARSET=utf8;
/*!40101 SET character_set_client = @saved_cs_client */;

--
-- Dumping data for table `main_quastions`
--

LOCK TABLES `main_quastions` WRITE;
/*!40000 ALTER TABLE `main_quastions` DISABLE KEYS */;
INSERT INTO `main_quastions` VALUES (1,5,'Морально-етична. Сформованість навичок щодо','2021-11-18 07:53:09','2021-11-18 07:53:09'),(2,5,'Індивідуальна психологія.Сформованість навичок щодо','2021-11-18 07:53:10','2021-11-18 07:53:10'),(3,5,'Організаційно-управлінська. Здатність застосовувати знання','2021-11-18 07:53:11','2021-11-18 07:53:11'),(4,5,'Правова. Здатність використовувати в практичній діяльності знання','2021-11-18 07:53:12','2021-11-18 07:53:12'),(5,5,'Самовдосконалення','2021-11-18 07:53:13','2021-11-18 07:53:13'),(6,5,'Індивідуально виховна','2021-11-18 07:53:14','2021-11-18 07:53:14'),(7,5,'Соціально-виховна.','2021-11-18 07:53:15','2021-11-18 07:53:15'),(8,5,'Загально військова тактична.','2021-11-18 07:53:16','2021-11-18 07:53:16'),(9,5,'Тактико спеціальна.','2021-11-18 07:53:17','2021-11-18 07:53:17'),(10,5,'Військово-технічна.','2021-11-18 07:53:17','2021-11-18 07:53:17'),(11,5,'Несесння чергової служби.','2021-11-18 07:53:17','2021-11-18 07:53:17'),(12,5,'Інформаційно комунікативна.','2021-11-18 07:53:20','2021-11-18 07:53:20'),(13,5,'Методична.','2021-11-18 07:53:21','2021-11-18 07:53:21'),(14,5,'Загальнонаукова.','2021-11-18 07:53:22','2021-11-18 07:53:22');
/*!40000 ALTER TABLE `main_quastions` ENABLE KEYS */;
UNLOCK TABLES;

--
-- Table structure for table `quastions`
--

DROP TABLE IF EXISTS `quastions`;
/*!40101 SET @saved_cs_client     = @@character_set_client */;
/*!40101 SET character_set_client = utf8 */;
CREATE TABLE `quastions` (
  `id_quastion` int(11) NOT NULL,
  `quastion` varchar(255) NOT NULL,
  `createdAt` datetime NOT NULL,
  `updatedAt` datetime NOT NULL,
  PRIMARY KEY (`id_quastion`)
) ENGINE=InnoDB DEFAULT CHARSET=utf8;
/*!40101 SET character_set_client = @saved_cs_client */;

--
-- Dumping data for table `quastions`
--

LOCK TABLES `quastions` WRITE;
/*!40000 ALTER TABLE `quastions` DISABLE KEYS */;
INSERT INTO `quastions` VALUES (1,'Оцініть рівень патріотизму офіцера','2021-11-18 07:53:03','2021-11-18 07:53:03'),(2,'Як швидко офіцер, приймає рішення в різних умовах обстановки','2021-11-18 07:53:03','2021-11-18 07:53:03'),(3,'Оцініть, як швидко офіцер адаптувався у підрозділі','2021-11-18 07:53:04','2021-11-18 07:53:04'),(4,'Наскільки офіцер пунктуальний','2021-11-18 07:53:04','2021-11-18 07:53:04'),(5,'Наскільки офіцер є прикладом для наслідування','2021-11-18 07:53:04','2021-11-18 07:53:04'),(6,'Наскільки ви довіряєте своєму командиру','2021-11-18 07:53:04','2021-11-18 07:53:04'),(7,'Оцініть авторитет офіцера у підрозділі','2021-11-18 07:53:04','2021-11-18 07:53:04'),(8,'Оцініть рівень патріотизму офіцера','2021-11-18 07:53:04','2021-11-18 07:53:04'),(9,'Чи може офіцер приймати оперативні, обгрунтовані рішення відповідно до обстановки, що склалась','2021-11-18 07:53:04','2021-11-18 07:53:04'),(10,'Як на вашу думку офіцер адаптується до нових ситуацій','2021-11-18 07:53:04','2021-11-18 07:53:04'),(11,'Як офіцер володіє здатністю планувати та керувати часом','2021-11-18 07:53:05','2021-11-18 07:53:05'),(12,'Наскільки офіцер може мотивувати людей рухатись до спільної мети','2021-11-18 07:53:05','2021-11-18 07:53:05'),(13,'Чи достатньо знань у офіцера для спілкування із представниками інших військових професій','2021-11-18 07:53:05','2021-11-18 07:53:05'),(14,'Чи проводить офіцер аналіз загальної обстановки в районі проведення бойових дій','2021-11-18 07:53:05','2021-11-18 07:53:05'),(15,'Оцініть рівень патріотизму офіцера','2021-11-18 07:53:05','2021-11-18 07:53:05'),(16,'Наскільки легко вам швидко та обгрунтовано приймати рішення відповідно, до обстановки, що склалась','2021-11-18 07:53:05','2021-11-18 07:53:05'),(17,'Як швидко ви адаптуєтесь до нових ситуацій','2021-11-18 07:53:05','2021-11-18 07:53:05'),(18,'Наскільки ви володієте здатністю планувати та керувати часом','2021-11-18 07:53:06','2021-11-18 07:53:06'),(19,'Наскільки ви здатні мотивувати людей рухатись до спільної мети','2021-11-18 07:53:06','2021-11-18 07:53:06'),(20,'Чи легко вам спілкуватись з представниками інших військових професій','2021-11-18 07:53:06','2021-11-18 07:53:06'),(21,'Чи слідкуєте ви за сучасними тенденціями розвитку україни','2021-11-18 07:53:06','2021-11-18 07:53:06');
/*!40000 ALTER TABLE `quastions` ENABLE KEYS */;
UNLOCK TABLES;

--
-- Table structure for table `ralation_anceta_users`
--

DROP TABLE IF EXISTS `ralation_anceta_users`;
/*!40101 SET @saved_cs_client     = @@character_set_client */;
/*!40101 SET character_set_client = utf8 */;
CREATE TABLE `ralation_anceta_users` (
  `id_ralation_anceta_user` int(11) NOT NULL AUTO_INCREMENT,
  `id_user` int(11) NOT NULL,
  `id_anceta` int(11) NOT NULL,
  `createdAt` datetime NOT NULL,
  `updatedAt` datetime NOT NULL,
  PRIMARY KEY (`id_ralation_anceta_user`),
  KEY `id_user` (`id_user`),
  KEY `id_anceta` (`id_anceta`),
  CONSTRAINT `ralation_anceta_users_ibfk_1` FOREIGN KEY (`id_user`) REFERENCES `users` (`id_user`) ON DELETE CASCADE ON UPDATE CASCADE,
  CONSTRAINT `ralation_anceta_users_ibfk_2` FOREIGN KEY (`id_anceta`) REFERENCES `anceta` (`id_anceta`) ON DELETE CASCADE ON UPDATE CASCADE
) ENGINE=InnoDB DEFAULT CHARSET=utf8;
/*!40101 SET character_set_client = @saved_cs_client */;

--
-- Dumping data for table `ralation_anceta_users`
--

LOCK TABLES `ralation_anceta_users` WRITE;
/*!40000 ALTER TABLE `ralation_anceta_users` DISABLE KEYS */;
/*!40000 ALTER TABLE `ralation_anceta_users` ENABLE KEYS */;
UNLOCK TABLES;

--
-- Table structure for table `ralation_competences`
--

DROP TABLE IF EXISTS `ralation_competences`;
/*!40101 SET @saved_cs_client     = @@character_set_client */;
/*!40101 SET character_set_client = utf8 */;
CREATE TABLE `ralation_competences` (
  `id_ralation_competence` int(11) NOT NULL AUTO_INCREMENT,
  `id_competence` int(11) NOT NULL,
  `id_type_c` int(11) NOT NULL,
  `createdAt` datetime NOT NULL,
  `updatedAt` datetime NOT NULL,
  PRIMARY KEY (`id_ralation_competence`),
  KEY `id_competence` (`id_competence`),
  KEY `id_type_c` (`id_type_c`),
  CONSTRAINT `ralation_competences_ibfk_1` FOREIGN KEY (`id_competence`) REFERENCES `competences` (`id_competence`) ON DELETE CASCADE ON UPDATE CASCADE,
  CONSTRAINT `ralation_competences_ibfk_2` FOREIGN KEY (`id_type_c`) REFERENCES `type_anceta` (`id_type_anceta`) ON DELETE CASCADE ON UPDATE CASCADE
) ENGINE=InnoDB AUTO_INCREMENT=30 DEFAULT CHARSET=utf8;
/*!40101 SET character_set_client = @saved_cs_client */;

--
-- Dumping data for table `ralation_competences`
--

LOCK TABLES `ralation_competences` WRITE;
/*!40000 ALTER TABLE `ralation_competences` DISABLE KEYS */;
INSERT INTO `ralation_competences` VALUES (1,1,2,'2021-11-18 07:53:06','2021-11-18 07:53:06'),(2,1,3,'2021-11-18 07:53:06','2021-11-18 07:53:06'),(3,2,2,'2021-11-18 07:53:06','2021-11-18 07:53:06'),(4,2,3,'2021-11-18 07:53:06','2021-11-18 07:53:06'),(5,3,2,'2021-11-18 07:53:06','2021-11-18 07:53:06'),(6,3,3,'2021-11-18 07:53:06','2021-11-18 07:53:06'),(7,4,2,'2021-11-18 07:53:06','2021-11-18 07:53:06'),(8,4,3,'2021-11-18 07:53:07','2021-11-18 07:53:07'),(9,5,2,'2021-11-18 07:53:07','2021-11-18 07:53:07'),(10,5,3,'2021-11-18 07:53:07','2021-11-18 07:53:07'),(11,6,2,'2021-11-18 07:53:07','2021-11-18 07:53:07'),(12,6,3,'2021-11-18 07:53:07','2021-11-18 07:53:07'),(13,7,2,'2021-11-18 07:53:07','2021-11-18 07:53:07'),(14,7,3,'2021-11-18 07:53:07','2021-11-18 07:53:07'),(15,8,1,'2021-11-18 07:53:07','2021-11-18 07:53:07'),(16,9,1,'2021-11-18 07:53:07','2021-11-18 07:53:07'),(17,10,1,'2021-11-18 07:53:07','2021-11-18 07:53:07'),(18,11,1,'2021-11-18 07:53:07','2021-11-18 07:53:07'),(19,12,1,'2021-11-18 07:53:08','2021-11-18 07:53:08'),(20,13,1,'2021-11-18 07:53:08','2021-11-18 07:53:08'),(21,14,1,'2021-11-18 07:53:08','2021-11-18 07:53:08'),(22,15,1,'2021-11-18 07:53:08','2021-11-18 07:53:08'),(23,16,1,'2021-11-18 07:53:08','2021-11-18 07:53:08'),(24,17,4,'2021-11-18 07:53:08','2021-11-18 07:53:08'),(25,18,4,'2021-11-18 07:53:08','2021-11-18 07:53:08'),(26,19,4,'2021-11-18 07:53:08','2021-11-18 07:53:08'),(27,20,4,'2021-11-18 07:53:08','2021-11-18 07:53:08'),(28,21,4,'2021-11-18 07:53:09','2021-11-18 07:53:09'),(29,22,4,'2021-11-18 07:53:09','2021-11-18 07:53:09');
/*!40000 ALTER TABLE `ralation_competences` ENABLE KEYS */;
UNLOCK TABLES;

--
-- Table structure for table `ralation_main_seconds`
--

DROP TABLE IF EXISTS `ralation_main_seconds`;
/*!40101 SET @saved_cs_client     = @@character_set_client */;
/*!40101 SET character_set_client = utf8 */;
CREATE TABLE `ralation_main_seconds` (
  `id_ralation` int(11) NOT NULL AUTO_INCREMENT,
  `id_main_quastion` int(11) NOT NULL,
  `id_second_quastion` int(11) NOT NULL,
  `createdAt` datetime NOT NULL,
  `updatedAt` datetime NOT NULL,
  PRIMARY KEY (`id_ralation`),
  KEY `id_main_quastion` (`id_main_quastion`),
  KEY `id_second_quastion` (`id_second_quastion`),
  CONSTRAINT `ralation_main_seconds_ibfk_1` FOREIGN KEY (`id_main_quastion`) REFERENCES `main_quastions` (`id_main_quastion`) ON DELETE CASCADE ON UPDATE CASCADE,
  CONSTRAINT `ralation_main_seconds_ibfk_2` FOREIGN KEY (`id_second_quastion`) REFERENCES `second_quastions` (`id_second_quastion`) ON DELETE CASCADE ON UPDATE CASCADE
) ENGINE=InnoDB AUTO_INCREMENT=124 DEFAULT CHARSET=utf8;
/*!40101 SET character_set_client = @saved_cs_client */;

--
-- Dumping data for table `ralation_main_seconds`
--

LOCK TABLES `ralation_main_seconds` WRITE;
/*!40000 ALTER TABLE `ralation_main_seconds` DISABLE KEYS */;
INSERT INTO `ralation_main_seconds` VALUES (1,1,1,'2021-11-18 07:53:09','2021-11-18 07:53:09'),(2,1,2,'2021-11-18 07:53:09','2021-11-18 07:53:09'),(3,1,3,'2021-11-18 07:53:09','2021-11-18 07:53:09'),(4,1,4,'2021-11-18 07:53:09','2021-11-18 07:53:09'),(5,1,5,'2021-11-18 07:53:09','2021-11-18 07:53:09'),(6,1,6,'2021-11-18 07:53:09','2021-11-18 07:53:09'),(7,1,7,'2021-11-18 07:53:09','2021-11-18 07:53:09'),(8,1,8,'2021-11-18 07:53:09','2021-11-18 07:53:09'),(9,1,9,'2021-11-18 07:53:10','2021-11-18 07:53:10'),(10,2,10,'2021-11-18 07:53:10','2021-11-18 07:53:10'),(11,2,11,'2021-11-18 07:53:10','2021-11-18 07:53:10'),(12,2,12,'2021-11-18 07:53:10','2021-11-18 07:53:10'),(13,2,13,'2021-11-18 07:53:10','2021-11-18 07:53:10'),(14,2,14,'2021-11-18 07:53:10','2021-11-18 07:53:10'),(15,2,15,'2021-11-18 07:53:10','2021-11-18 07:53:10'),(16,2,16,'2021-11-18 07:53:10','2021-11-18 07:53:10'),(17,2,17,'2021-11-18 07:53:11','2021-11-18 07:53:11'),(18,2,18,'2021-11-18 07:53:11','2021-11-18 07:53:11'),(19,2,19,'2021-11-18 07:53:11','2021-11-18 07:53:11'),(20,3,20,'2021-11-18 07:53:11','2021-11-18 07:53:11'),(21,3,21,'2021-11-18 07:53:11','2021-11-18 07:53:11'),(22,3,22,'2021-11-18 07:53:11','2021-11-18 07:53:11'),(23,3,23,'2021-11-18 07:53:11','2021-11-18 07:53:11'),(24,3,24,'2021-11-18 07:53:11','2021-11-18 07:53:11'),(25,3,25,'2021-11-18 07:53:11','2021-11-18 07:53:11'),(26,3,26,'2021-11-18 07:53:11','2021-11-18 07:53:11'),(27,3,27,'2021-11-18 07:53:11','2021-11-18 07:53:11'),(28,3,28,'2021-11-18 07:53:12','2021-11-18 07:53:12'),(29,3,29,'2021-11-18 07:53:12','2021-11-18 07:53:12'),(30,3,30,'2021-11-18 07:53:12','2021-11-18 07:53:12'),(31,3,31,'2021-11-18 07:53:12','2021-11-18 07:53:12'),(32,3,32,'2021-11-18 07:53:12','2021-11-18 07:53:12'),(33,3,33,'2021-11-18 07:53:12','2021-11-18 07:53:12'),(34,4,34,'2021-11-18 07:53:12','2021-11-18 07:53:12'),(35,4,35,'2021-11-18 07:53:12','2021-11-18 07:53:12'),(36,4,36,'2021-11-18 07:53:13','2021-11-18 07:53:13'),(37,4,37,'2021-11-18 07:53:13','2021-11-18 07:53:13'),(38,4,38,'2021-11-18 07:53:13','2021-11-18 07:53:13'),(39,4,39,'2021-11-18 07:53:13','2021-11-18 07:53:13'),(40,4,40,'2021-11-18 07:53:13','2021-11-18 07:53:13'),(41,5,41,'2021-11-18 07:53:13','2021-11-18 07:53:13'),(42,5,42,'2021-11-18 07:53:13','2021-11-18 07:53:13'),(43,5,43,'2021-11-18 07:53:13','2021-11-18 07:53:13'),(44,5,44,'2021-11-18 07:53:13','2021-11-18 07:53:13'),(45,5,45,'2021-11-18 07:53:13','2021-11-18 07:53:13'),(46,5,46,'2021-11-18 07:53:13','2021-11-18 07:53:13'),(47,5,47,'2021-11-18 07:53:14','2021-11-18 07:53:14'),(48,5,48,'2021-11-18 07:53:14','2021-11-18 07:53:14'),(49,6,49,'2021-11-18 07:53:14','2021-11-18 07:53:14'),(50,6,50,'2021-11-18 07:53:14','2021-11-18 07:53:14'),(51,6,51,'2021-11-18 07:53:14','2021-11-18 07:53:14'),(52,6,52,'2021-11-18 07:53:14','2021-11-18 07:53:14'),(53,6,53,'2021-11-18 07:53:14','2021-11-18 07:53:14'),(54,6,54,'2021-11-18 07:53:14','2021-11-18 07:53:14'),(55,6,55,'2021-11-18 07:53:15','2021-11-18 07:53:15'),(56,6,56,'2021-11-18 07:53:15','2021-11-18 07:53:15'),(57,6,57,'2021-11-18 07:53:15','2021-11-18 07:53:15'),(58,6,58,'2021-11-18 07:53:15','2021-11-18 07:53:15'),(59,7,59,'2021-11-18 07:53:15','2021-11-18 07:53:15'),(60,7,60,'2021-11-18 07:53:15','2021-11-18 07:53:15'),(61,7,61,'2021-11-18 07:53:15','2021-11-18 07:53:15'),(62,7,62,'2021-11-18 07:53:15','2021-11-18 07:53:15'),(63,7,63,'2021-11-18 07:53:15','2021-11-18 07:53:15'),(64,7,64,'2021-11-18 07:53:15','2021-11-18 07:53:15'),(65,7,65,'2021-11-18 07:53:15','2021-11-18 07:53:15'),(66,8,66,'2021-11-18 07:53:16','2021-11-18 07:53:16'),(67,8,67,'2021-11-18 07:53:16','2021-11-18 07:53:16'),(68,8,68,'2021-11-18 07:53:16','2021-11-18 07:53:16'),(69,8,69,'2021-11-18 07:53:16','2021-11-18 07:53:16'),(70,8,70,'2021-11-18 07:53:16','2021-11-18 07:53:16'),(71,8,71,'2021-11-18 07:53:16','2021-11-18 07:53:16'),(72,8,72,'2021-11-18 07:53:16','2021-11-18 07:53:16'),(73,8,73,'2021-11-18 07:53:16','2021-11-18 07:53:16'),(74,8,74,'2021-11-18 07:53:16','2021-11-18 07:53:16'),(75,8,75,'2021-11-18 07:53:16','2021-11-18 07:53:16'),(76,9,76,'2021-11-18 07:53:17','2021-11-18 07:53:17'),(77,9,77,'2021-11-18 07:53:17','2021-11-18 07:53:17'),(78,9,78,'2021-11-18 07:53:17','2021-11-18 07:53:17'),(79,10,79,'2021-11-18 07:53:17','2021-11-18 07:53:17'),(80,10,80,'2021-11-18 07:53:17','2021-11-18 07:53:17'),(81,10,81,'2021-11-18 07:53:17','2021-11-18 07:53:17'),(82,10,82,'2021-11-18 07:53:17','2021-11-18 07:53:17'),(83,11,83,'2021-11-18 07:53:17','2021-11-18 07:53:17'),(84,11,84,'2021-11-18 07:53:17','2021-11-18 07:53:17'),(85,11,85,'2021-11-18 07:53:18','2021-11-18 07:53:18'),(86,11,86,'2021-11-18 07:53:18','2021-11-18 07:53:18'),(87,11,87,'2021-11-18 07:53:18','2021-11-18 07:53:18'),(88,11,88,'2021-11-18 07:53:18','2021-11-18 07:53:18'),(89,11,89,'2021-11-18 07:53:18','2021-11-18 07:53:18'),(90,11,90,'2021-11-18 07:53:18','2021-11-18 07:53:18'),(91,11,91,'2021-11-18 07:53:18','2021-11-18 07:53:18'),(92,11,92,'2021-11-18 07:53:18','2021-11-18 07:53:18'),(93,11,93,'2021-11-18 07:53:18','2021-11-18 07:53:18'),(94,11,94,'2021-11-18 07:53:18','2021-11-18 07:53:18'),(95,11,95,'2021-11-18 07:53:19','2021-11-18 07:53:19'),(96,11,96,'2021-11-18 07:53:19','2021-11-18 07:53:19'),(97,11,97,'2021-11-18 07:53:19','2021-11-18 07:53:19'),(98,11,98,'2021-11-18 07:53:19','2021-11-18 07:53:19'),(99,11,99,'2021-11-18 07:53:19','2021-11-18 07:53:19'),(100,11,100,'2021-11-18 07:53:19','2021-11-18 07:53:19'),(101,11,101,'2021-11-18 07:53:19','2021-11-18 07:53:19'),(102,11,102,'2021-11-18 07:53:19','2021-11-18 07:53:19'),(103,11,103,'2021-11-18 07:53:19','2021-11-18 07:53:19'),(104,11,104,'2021-11-18 07:53:19','2021-11-18 07:53:19'),(105,11,105,'2021-11-18 07:53:20','2021-11-18 07:53:20'),(106,11,106,'2021-11-18 07:53:20','2021-11-18 07:53:20'),(107,12,107,'2021-11-18 07:53:20','2021-11-18 07:53:20'),(108,12,108,'2021-11-18 07:53:20','2021-11-18 07:53:20'),(109,12,109,'2021-11-18 07:53:20','2021-11-18 07:53:20'),(110,12,110,'2021-11-18 07:53:20','2021-11-18 07:53:20'),(111,12,111,'2021-11-18 07:53:20','2021-11-18 07:53:20'),(112,12,112,'2021-11-18 07:53:20','2021-11-18 07:53:20'),(113,12,113,'2021-11-18 07:53:21','2021-11-18 07:53:21'),(114,12,114,'2021-11-18 07:53:21','2021-11-18 07:53:21'),(115,12,115,'2021-11-18 07:53:21','2021-11-18 07:53:21'),(116,13,116,'2021-11-18 07:53:21','2021-11-18 07:53:21'),(117,13,117,'2021-11-18 07:53:21','2021-11-18 07:53:21'),(118,13,118,'2021-11-18 07:53:21','2021-11-18 07:53:21'),(119,13,119,'2021-11-18 07:53:21','2021-11-18 07:53:21'),(120,13,120,'2021-11-18 07:53:22','2021-11-18 07:53:22'),(121,14,121,'2021-11-18 07:53:22','2021-11-18 07:53:22'),(122,14,122,'2021-11-18 07:53:22','2021-11-18 07:53:22'),(123,14,123,'2021-11-18 07:53:22','2021-11-18 07:53:22');
/*!40000 ALTER TABLE `ralation_main_seconds` ENABLE KEYS */;
UNLOCK TABLES;

--
-- Table structure for table `ralation_quastions`
--

DROP TABLE IF EXISTS `ralation_quastions`;
/*!40101 SET @saved_cs_client     = @@character_set_client */;
/*!40101 SET character_set_client = utf8 */;
CREATE TABLE `ralation_quastions` (
  `id_ralation_quastion` int(11) NOT NULL AUTO_INCREMENT,
  `id_quastion` int(11) NOT NULL,
  `id_type_q` int(11) NOT NULL,
  `createdAt` datetime NOT NULL,
  `updatedAt` datetime NOT NULL,
  PRIMARY KEY (`id_ralation_quastion`),
  KEY `id_quastion` (`id_quastion`),
  KEY `id_type_q` (`id_type_q`),
  CONSTRAINT `ralation_quastions_ibfk_1` FOREIGN KEY (`id_quastion`) REFERENCES `quastions` (`id_quastion`) ON DELETE CASCADE ON UPDATE CASCADE,
  CONSTRAINT `ralation_quastions_ibfk_2` FOREIGN KEY (`id_type_q`) REFERENCES `type_anceta` (`id_type_anceta`) ON DELETE CASCADE ON UPDATE CASCADE
) ENGINE=InnoDB AUTO_INCREMENT=29 DEFAULT CHARSET=utf8;
/*!40101 SET character_set_client = @saved_cs_client */;

--
-- Dumping data for table `ralation_quastions`
--

LOCK TABLES `ralation_quastions` WRITE;
/*!40000 ALTER TABLE `ralation_quastions` DISABLE KEYS */;
INSERT INTO `ralation_quastions` VALUES (1,1,1,'2021-11-18 07:53:03','2021-11-18 07:53:03'),(2,2,1,'2021-11-18 07:53:04','2021-11-18 07:53:04'),(3,3,1,'2021-11-18 07:53:04','2021-11-18 07:53:04'),(4,4,1,'2021-11-18 07:53:04','2021-11-18 07:53:04'),(5,5,1,'2021-11-18 07:53:04','2021-11-18 07:53:04'),(6,6,1,'2021-11-18 07:53:04','2021-11-18 07:53:04'),(7,7,1,'2021-11-18 07:53:04','2021-11-18 07:53:04'),(8,8,2,'2021-11-18 07:53:04','2021-11-18 07:53:04'),(9,8,3,'2021-11-18 07:53:04','2021-11-18 07:53:04'),(10,9,2,'2021-11-18 07:53:04','2021-11-18 07:53:04'),(11,9,3,'2021-11-18 07:53:04','2021-11-18 07:53:04'),(12,10,2,'2021-11-18 07:53:04','2021-11-18 07:53:04'),(13,10,3,'2021-11-18 07:53:04','2021-11-18 07:53:04'),(14,11,2,'2021-11-18 07:53:05','2021-11-18 07:53:05'),(15,11,3,'2021-11-18 07:53:05','2021-11-18 07:53:05'),(16,12,2,'2021-11-18 07:53:05','2021-11-18 07:53:05'),(17,12,3,'2021-11-18 07:53:05','2021-11-18 07:53:05'),(18,13,2,'2021-11-18 07:53:05','2021-11-18 07:53:05'),(19,13,3,'2021-11-18 07:53:05','2021-11-18 07:53:05'),(20,14,2,'2021-11-18 07:53:05','2021-11-18 07:53:05'),(21,14,3,'2021-11-18 07:53:05','2021-11-18 07:53:05'),(22,15,4,'2021-11-18 07:53:05','2021-11-18 07:53:05'),(23,16,4,'2021-11-18 07:53:05','2021-11-18 07:53:05'),(24,17,4,'2021-11-18 07:53:05','2021-11-18 07:53:05'),(25,18,4,'2021-11-18 07:53:06','2021-11-18 07:53:06'),(26,19,4,'2021-11-18 07:53:06','2021-11-18 07:53:06'),(27,20,4,'2021-11-18 07:53:06','2021-11-18 07:53:06'),(28,21,4,'2021-11-18 07:53:06','2021-11-18 07:53:06');
/*!40000 ALTER TABLE `ralation_quastions` ENABLE KEYS */;
UNLOCK TABLES;

--
-- Table structure for table `second_quastions`
--

DROP TABLE IF EXISTS `second_quastions`;
/*!40101 SET @saved_cs_client     = @@character_set_client */;
/*!40101 SET character_set_client = utf8 */;
CREATE TABLE `second_quastions` (
  `id_second_quastion` int(11) NOT NULL AUTO_INCREMENT,
  `name_quastion` varchar(255) NOT NULL,
  `createdAt` datetime NOT NULL,
  `updatedAt` datetime NOT NULL,
  PRIMARY KEY (`id_second_quastion`)
) ENGINE=InnoDB AUTO_INCREMENT=124 DEFAULT CHARSET=utf8;
/*!40101 SET character_set_client = @saved_cs_client */;

--
-- Dumping data for table `second_quastions`
--

LOCK TABLES `second_quastions` WRITE;
/*!40000 ALTER TABLE `second_quastions` DISABLE KEYS */;
INSERT INTO `second_quastions` VALUES (1,'дотримання етичних норм у відносинах з підлеглими, колегами, командирами, тактовність','2021-11-18 07:53:09','2021-11-18 07:53:09'),(2,'гуманності','2021-11-18 07:53:09','2021-11-18 07:53:09'),(3,'честності','2021-11-18 07:53:09','2021-11-18 07:53:09'),(4,'мужності','2021-11-18 07:53:09','2021-11-18 07:53:09'),(5,'принциповості','2021-11-18 07:53:09','2021-11-18 07:53:09'),(6,'дисциплінованості','2021-11-18 07:53:09','2021-11-18 07:53:09'),(7,'дотримання військових традицій','2021-11-18 07:53:09','2021-11-18 07:53:09'),(8,'здорового способу життя','2021-11-18 07:53:09','2021-11-18 07:53:09'),(9,'природозбереження','2021-11-18 07:53:10','2021-11-18 07:53:10'),(10,'мотивації на військову службу','2021-11-18 07:53:10','2021-11-18 07:53:10'),(11,'лідерських якостей','2021-11-18 07:53:10','2021-11-18 07:53:10'),(12,'авторитету у колективі','2021-11-18 07:53:10','2021-11-18 07:53:10'),(13,'цілеспрямованості','2021-11-18 07:53:10','2021-11-18 07:53:10'),(14,'активності','2021-11-18 07:53:10','2021-11-18 07:53:10'),(15,'відповідальності','2021-11-18 07:53:10','2021-11-18 07:53:10'),(16,'творчості','2021-11-18 07:53:10','2021-11-18 07:53:10'),(17,'взаємодопомоги','2021-11-18 07:53:10','2021-11-18 07:53:10'),(18,'стресостійкості','2021-11-18 07:53:11','2021-11-18 07:53:11'),(19,'наполегливості у досягнені мети','2021-11-18 07:53:11','2021-11-18 07:53:11'),(20,'керівних документів, що регламентують військову службу','2021-11-18 07:53:11','2021-11-18 07:53:11'),(21,'основ військового управління','2021-11-18 07:53:11','2021-11-18 07:53:11'),(22,'уміння приймати рішення','2021-11-18 07:53:11','2021-11-18 07:53:11'),(23,'віддавати накази','2021-11-18 07:53:11','2021-11-18 07:53:11'),(24,'планувати','2021-11-18 07:53:11','2021-11-18 07:53:11'),(25,'орагнізовувати','2021-11-18 07:53:11','2021-11-18 07:53:11'),(26,'контролювати','2021-11-18 07:53:11','2021-11-18 07:53:11'),(27,'аналізувати','2021-11-18 07:53:11','2021-11-18 07:53:11'),(28,'підбивати підсумки','2021-11-18 07:53:12','2021-11-18 07:53:12'),(29,'коригувати діяльність','2021-11-18 07:53:12','2021-11-18 07:53:12'),(30,'взаємодіяти','2021-11-18 07:53:12','2021-11-18 07:53:12'),(31,'організовувати безпечну діяльність','2021-11-18 07:53:12','2021-11-18 07:53:12'),(32,'мотивувати підлеглих','2021-11-18 07:53:12','2021-11-18 07:53:12'),(33,'прийняти, здавати посаду','2021-11-18 07:53:12','2021-11-18 07:53:12'),(34,'Конституція України','2021-11-18 07:53:12','2021-11-18 07:53:12'),(35,'основ військового закондавства','2021-11-18 07:53:12','2021-11-18 07:53:12'),(36,'законів щодо військової служби','2021-11-18 07:53:12','2021-11-18 07:53:12'),(37,'статутів ЗСУ','2021-11-18 07:53:13','2021-11-18 07:53:13'),(38,'норм і правил поведінки','2021-11-18 07:53:13','2021-11-18 07:53:13'),(39,'прав і свобод громодян','2021-11-18 07:53:13','2021-11-18 07:53:13'),(40,'міжнародного гуманітарного права','2021-11-18 07:53:13','2021-11-18 07:53:13'),(41,'Сформованість: саморозвитку','2021-11-18 07:53:13','2021-11-18 07:53:13'),(42,'самоосвіти','2021-11-18 07:53:13','2021-11-18 07:53:13'),(43,'креативності','2021-11-18 07:53:13','2021-11-18 07:53:13'),(44,'систематичного мислення','2021-11-18 07:53:13','2021-11-18 07:53:13'),(45,'Удосконалення: бойової майстерності','2021-11-18 07:53:13','2021-11-18 07:53:13'),(46,'методичних навичок','2021-11-18 07:53:13','2021-11-18 07:53:13'),(47,'знання власних недоліків','2021-11-18 07:53:14','2021-11-18 07:53:14'),(48,'вивчення та використання передового досвіду','2021-11-18 07:53:14','2021-11-18 07:53:14'),(49,'Уміння: вивчати індивідуально-психологічні якості особистості','2021-11-18 07:53:14','2021-11-18 07:53:14'),(50,'прищеплювати військовослужбовцям почуття патріотизму, готовності до захисту батьківщини','2021-11-18 07:53:14','2021-11-18 07:53:14'),(51,'Формувати у особистості військовослужбовця якості: дисциплінованості','2021-11-18 07:53:14','2021-11-18 07:53:14'),(52,'почуття власної гідності','2021-11-18 07:53:14','2021-11-18 07:53:14'),(53,'пильності, збереження військової та державної таємниці','2021-11-18 07:53:14','2021-11-18 07:53:14'),(54,'бережливого ставлення до техніки, озброєння, майна','2021-11-18 07:53:14','2021-11-18 07:53:14'),(55,'Дотримання: правил особистої гігієни, носіння форми одягу','2021-11-18 07:53:14','2021-11-18 07:53:14'),(56,'внутрішнього порядку, розпорядку дня','2021-11-18 07:53:15','2021-11-18 07:53:15'),(57,'здорового способу життя','2021-11-18 07:53:15','2021-11-18 07:53:15'),(58,'дбайливого ставлення до природи','2021-11-18 07:53:15','2021-11-18 07:53:15'),(59,'Уміння: згуртовувати колектив','2021-11-18 07:53:15','2021-11-18 07:53:15'),(60,'формувати в особового складу почуття відповідальності за підтримання себе, техніки та озброєння підрозділу у стані бойової готовності','2021-11-18 07:53:15','2021-11-18 07:53:15'),(61,'здійснювати конкретні заходи щодо зміцнення військової дисципліни та правопорядку','2021-11-18 07:53:15','2021-11-18 07:53:15'),(62,'прищеплювати особовому складу навички безконфліктного, не реприсивного спілкування','2021-11-18 07:53:15','2021-11-18 07:53:15'),(63,'психологічного загартовувати особовий склад до дій в ексстримальних умовах, до протистояння інформаційно-прапагандистським впливом противника','2021-11-18 07:53:15','2021-11-18 07:53:15'),(64,'прищеплювати особовому складу почуття дружби, товариськості, взаємовиручки','2021-11-18 07:53:15','2021-11-18 07:53:15'),(65,'формувати в особового складу навички злашодженої спільної діяльності, несення служби, виконання бойових завдань','2021-11-18 07:53:15','2021-11-18 07:53:15'),(66,'Навички застосовувати знання: загальновійськової тактики','2021-11-18 07:53:16','2021-11-18 07:53:16'),(67,'бойових статутів за видами ЗСУ та настанов родів військ','2021-11-18 07:53:16','2021-11-18 07:53:16'),(68,'статутів ЗСУ','2021-11-18 07:53:16','2021-11-18 07:53:16'),(69,'Володіння: особистою зброєю','2021-11-18 07:53:16','2021-11-18 07:53:16'),(70,'індивідуальними засобами РХБЗ, засобами зв\'язку','2021-11-18 07:53:16','2021-11-18 07:53:16'),(71,'Уміння: орієнтуватись на місцевості','2021-11-18 07:53:16','2021-11-18 07:53:16'),(72,'вести робочу карту','2021-11-18 07:53:16','2021-11-18 07:53:16'),(73,'штабна культура','2021-11-18 07:53:16','2021-11-18 07:53:16'),(74,'рівень фізичної підготовленості','2021-11-18 07:53:16','2021-11-18 07:53:16'),(75,'сформованість навичок підтримання охайного зовнішнього вигляду, стройова підтягнутість','2021-11-18 07:53:16','2021-11-18 07:53:16'),(76,'Уміння: управляти підрозділами за штатним призначенням у звичайних умовах та наближенних до бойових','2021-11-18 07:53:17','2021-11-18 07:53:17'),(77,'готувати особовий склад, озброєння, техніку підрозділу до виходу на польові заняття навчання, виконання бойових завдань','2021-11-18 07:53:17','2021-11-18 07:53:17'),(78,'використовувати знання щодо тактики ведення бойових дій підрозділів інших держав у професійній діяльності','2021-11-18 07:53:17','2021-11-18 07:53:17'),(79,'Уміння: володіти технікою та озброєнням підрозділу','2021-11-18 07:53:17','2021-11-18 07:53:17'),(80,'зберігати та обслуговувати техніку та озброєння','2021-11-18 07:53:17','2021-11-18 07:53:17'),(81,'перевіряти їх в наявності, технічний стан та бойовуготвність','2021-11-18 07:53:17','2021-11-18 07:53:17'),(82,'проводити паркрві дні','2021-11-18 07:53:17','2021-11-18 07:53:17'),(83,'Гарнізоної: особиста підготовленість','2021-11-18 07:53:17','2021-11-18 07:53:17'),(84,'підготовка особового складу','2021-11-18 07:53:17','2021-11-18 07:53:17'),(85,'організація служби','2021-11-18 07:53:18','2021-11-18 07:53:18'),(86,'контроль','2021-11-18 07:53:18','2021-11-18 07:53:18'),(87,'корегування','2021-11-18 07:53:18','2021-11-18 07:53:18'),(88,'підбиття підсумків','2021-11-18 07:53:18','2021-11-18 07:53:18'),(89,'Вартової: особиста підготовленість','2021-11-18 07:53:18','2021-11-18 07:53:18'),(90,'підготовка особового складу','2021-11-18 07:53:18','2021-11-18 07:53:18'),(91,'організація служби','2021-11-18 07:53:18','2021-11-18 07:53:18'),(92,'контроль','2021-11-18 07:53:18','2021-11-18 07:53:18'),(93,'корегування','2021-11-18 07:53:18','2021-11-18 07:53:18'),(94,'підбиття підсумків','2021-11-18 07:53:18','2021-11-18 07:53:18'),(95,'Внутрішньої: особиста підготовленість','2021-11-18 07:53:19','2021-11-18 07:53:19'),(96,'підготовка особового складу','2021-11-18 07:53:19','2021-11-18 07:53:19'),(97,'організація служби','2021-11-18 07:53:19','2021-11-18 07:53:19'),(98,'контроль','2021-11-18 07:53:19','2021-11-18 07:53:19'),(99,'корегування','2021-11-18 07:53:19','2021-11-18 07:53:19'),(100,'підбиття підсумків','2021-11-18 07:53:19','2021-11-18 07:53:19'),(101,'Бойового чергування: особиста підготовленість','2021-11-18 07:53:19','2021-11-18 07:53:19'),(102,'підготовка особового складу','2021-11-18 07:53:19','2021-11-18 07:53:19'),(103,'організація служби','2021-11-18 07:53:19','2021-11-18 07:53:19'),(104,'контроль','2021-11-18 07:53:19','2021-11-18 07:53:19'),(105,'корегування','2021-11-18 07:53:20','2021-11-18 07:53:20'),(106,'підбиття підсумків','2021-11-18 07:53:20','2021-11-18 07:53:20'),(107,'Уміння: спілкування державною мовою','2021-11-18 07:53:20','2021-11-18 07:53:20'),(108,'висловлювати власну думку','2021-11-18 07:53:20','2021-11-18 07:53:20'),(109,'проводити службові наради, публічні заходи','2021-11-18 07:53:20','2021-11-18 07:53:20'),(110,'доповідати, звітувати','2021-11-18 07:53:20','2021-11-18 07:53:20'),(111,'аргументувати','2021-11-18 07:53:20','2021-11-18 07:53:20'),(112,'висловлуховувати співрозмовника','2021-11-18 07:53:20','2021-11-18 07:53:20'),(113,'орієнтуватися в інформаційних потоках','2021-11-18 07:53:20','2021-11-18 07:53:20'),(114,'користуватись ПК','2021-11-18 07:53:21','2021-11-18 07:53:21'),(115,'використання іноземної мови','2021-11-18 07:53:21','2021-11-18 07:53:21'),(116,'Уміння формувати необхідні якості при проведенні занять з дисципліни: загальновійськова','2021-11-18 07:53:21','2021-11-18 07:53:21'),(117,'військово-технічна','2021-11-18 07:53:21','2021-11-18 07:53:21'),(118,'тактико-спеціальних','2021-11-18 07:53:21','2021-11-18 07:53:21'),(119,'спеціальних','2021-11-18 07:53:21','2021-11-18 07:53:21'),(120,'воєнно-ідеалогічної підготовки','2021-11-18 07:53:21','2021-11-18 07:53:21'),(121,' Здатність використовувати в практичній діяльності базові знання з: гуманітарної та соціально-економічної','2021-11-18 07:53:22','2021-11-18 07:53:22'),(122,'математичної','2021-11-18 07:53:22','2021-11-18 07:53:22'),(123,'науково-природничої підготовки','2021-11-18 07:53:22','2021-11-18 07:53:22');
/*!40000 ALTER TABLE `second_quastions` ENABLE KEYS */;
UNLOCK TABLES;

--
-- Table structure for table `type_anceta`
--

DROP TABLE IF EXISTS `type_anceta`;
/*!40101 SET @saved_cs_client     = @@character_set_client */;
/*!40101 SET character_set_client = utf8 */;
CREATE TABLE `type_anceta` (
  `id_type_anceta` int(11) NOT NULL,
  `type_anceta` varchar(255) NOT NULL,
  `createdAt` datetime NOT NULL,
  `updatedAt` datetime NOT NULL,
  PRIMARY KEY (`id_type_anceta`)
) ENGINE=InnoDB DEFAULT CHARSET=utf8;
/*!40101 SET character_set_client = @saved_cs_client */;

--
-- Dumping data for table `type_anceta`
--

LOCK TABLES `type_anceta` WRITE;
/*!40000 ALTER TABLE `type_anceta` DISABLE KEYS */;
INSERT INTO `type_anceta` VALUES (1,'Оцінювання підлеглими','2021-11-18 07:53:03','2021-11-18 07:53:03'),(2,'Оцінювання командирами сусідніх підрозділів','2021-11-18 07:53:03','2021-11-18 07:53:03'),(3,'Оцінювання страшим командирам','2021-11-18 07:53:03','2021-11-18 07:53:03'),(4,'Самооцінка','2021-11-18 07:53:03','2021-11-18 07:53:03'),(5,'Оцінювання безпосереднім командиром','2021-11-18 07:53:03','2021-11-18 07:53:03');
/*!40000 ALTER TABLE `type_anceta` ENABLE KEYS */;
UNLOCK TABLES;

--
-- Table structure for table `users`
--

DROP TABLE IF EXISTS `users`;
/*!40101 SET @saved_cs_client     = @@character_set_client */;
/*!40101 SET character_set_client = utf8 */;
CREATE TABLE `users` (
  `id_user` int(11) NOT NULL AUTO_INCREMENT,
  `Surname` varchar(255) NOT NULL,
  `Name` varchar(255) NOT NULL,
  `Patronime` varchar(255) NOT NULL,
  `Position` varchar(255) NOT NULL,
  `Rank` varchar(255) NOT NULL,
  `Staff` varchar(255) NOT NULL,
  `institute` varchar(255) NOT NULL,
  `facultet` varchar(255) NOT NULL,
  `specialize` varchar(255) NOT NULL,
  `graduation` varchar(255) NOT NULL,
  `login` varchar(255) NOT NULL,
  `password` varchar(255) NOT NULL,
  `createdAt` datetime NOT NULL,
  `updatedAt` datetime NOT NULL,
  PRIMARY KEY (`id_user`)
) ENGINE=InnoDB DEFAULT CHARSET=utf8;
/*!40101 SET character_set_client = @saved_cs_client */;

--
-- Dumping data for table `users`
--

LOCK TABLES `users` WRITE;
/*!40000 ALTER TABLE `users` DISABLE KEYS */;
/*!40000 ALTER TABLE `users` ENABLE KEYS */;
UNLOCK TABLES;
/*!40103 SET TIME_ZONE=@OLD_TIME_ZONE */;

/*!40101 SET SQL_MODE=@OLD_SQL_MODE */;
/*!40014 SET FOREIGN_KEY_CHECKS=@OLD_FOREIGN_KEY_CHECKS */;
/*!40014 SET UNIQUE_CHECKS=@OLD_UNIQUE_CHECKS */;
/*!40101 SET CHARACTER_SET_CLIENT=@OLD_CHARACTER_SET_CLIENT */;
/*!40101 SET CHARACTER_SET_RESULTS=@OLD_CHARACTER_SET_RESULTS */;
/*!40101 SET COLLATION_CONNECTION=@OLD_COLLATION_CONNECTION */;
/*!40111 SET SQL_NOTES=@OLD_SQL_NOTES */;

-- Dump completed on 2021-11-18  9:58:10
